Method,Sensor,Representation,Year,Month,AP2D ,AP2D ,AP2D ,AP3D,AP3D,AP3D,APBEV,APBEV,APBEV,NuScenes,NuScenes,Waymo,Waymo,Time (s),Code,Hardware,Paper
,,,,,E,M,H,E,M,H,E,M,H,mAP,NDS,L1 mAP,L2 mAP,,,,
F-PointNet (Early)?,Multi-Modal,Early-Fusion,2017,,95.85,95.17,85.42,82.19,69.79,60.59,91.17,84.67,74.77,-,-,-,-,0.17,TRUE,GPU @ 3.0 Ghz (Python),https://arxiv.org/abs/1711.08488
F-ConvNet (Early)?,Multi-Modal,Early-Fusion,2019,,95.85,92.19,80.09,87.36,76.39,66.69,91.51,85.84,76.11,-,-,-,-,0.47,TRUE,GPU @ 2.5 Ghz (Python + C/C++),https://arxiv.org/abs/1903.01864
F-PointPillars,Multi-Modal,Early-Fusion,2021,,-,-,-,,,,,,,,,,,0.06,TRUE,4 cores @ 3.0 Ghz (Python),https://openaccess.thecvf.com/content/ICCV2021W/AVVision/papers/Paigwar_Frustum-PointPillars_A_Multi-Stage_Approach_for_3D_Object_Detection_Using_RGB_ICCVW_2021_paper.pdf
General-Fusion,Multi-Modal,Early-Fusion,2018,,-,-,-,-,-,-,-,-,-,-,-,-,-,-,FALSE,-,
RoarNet,Multi-Modal,Early-Fusion,2018,,,,,,,,,,,-,-,-,-,,FALSE,,https://arxiv.org/abs/1811.03818
Complexer-YOLO,Multi-Modal,Early-Fusion,2019,,91.92,84.16,79.62,55.93,47.34,42.6,77.24,68.96,64.95,-,-,-,-,0.06,TRUE,GPU @ 3.5 Ghz (C/C++),https://arxiv.org/abs/1904.07537
PointPainting,Multi-Modal,Early-Fusion,2019,,98.39,92.58,89.71,82.11,71.7,67.08,92.45,88.11,83.36,-,-,-,-,0.4,FALSE,GPU @ 2.5 Ghz (Python + C/C++),https://arxiv.org/abs/1911.10150
FusionPainting,Multi-Modal,Early-Fusion,2021,,,,,,,,,,,,,,,,FALSE,,https://arxiv.org/pdf/2106.12449
MVP,Multi-Modal,Early-Fusion,2021,,,,,,,,,,,,,,,,FALSE,,https://arxiv.org/abs/2111.06881
PointAugmenting,Multi-Modal,Early-Fusion,2021,,-,-,-,-,-,-,89.14,86.57,78.32,-,-,-,-,-,TRUE,-,https://openaccess.thecvf.com/content/CVPR2021/html/Wang_PointAugmenting_Cross-Modal_Augmentation_for_3D_Object_Detection_CVPR_2021_paper.html
VirConvNet,Multi-Modal,Early-Fusion,2023,,98,97.27,94.53,92.48,87.2,82.45,95.99,93.52,90.38,-,-,-,-,0.09,TRUE,1 core @ 2.5 Ghz (C/C++),https://arxiv.org/abs/2303.02314
HDF,Multi-Modal,Early-Fusion,2025,,-,-,-,-,-,-,-,-,-,-,-,-,-,-,FALSE,-,https://ieeexplore.ieee.org/stamp/stamp.jsp?tp=&arnumber=10935618
MV3D,Multi-Modal,Mid-Fusion,2016,,96.47,90.83,78.63,74.97,63.63,54,86.62,78.93,69.8,,,,,0.36,TRUE,GPU @ 2.5 Ghz (Python + C/C++),https://arxiv.org/abs/1611.07759
AVOD,Multi-Modal,Mid-Fusion,2017,,95.17,89.88,82.83,76.39,66.47,60.23,89.75,84.95,78.32,,,,,0.08,TRUE,Titan X (pascal),https://arxiv.org/abs/1712.02294
PointFusion,Multi-Modal,Mid-Fusion,2017,,,,,,,,,,,,,,,,FALSE,,https://arxiv.org/abs/1711.10871
ContFuse,Multi-Modal,Mid-Fusion,2018,,,,,83.68,68.78,61.67,94.07,85.35,75.88,,,,,0.06,FALSE,GPU @ 2.5 Ghz (Python),https://openaccess.thecvf.com/content_ECCV_2018/papers/Ming_Liang_Deep_Continuous_Fusion_ECCV_2018_paper.pdf
MVXNet,Multi-Modal,Mid-Fusion,2019,,,,,83.2,72.7,65.2,,,,,,,,,FALSE,,https://arxiv.org/abs/1904.01649
PI-RCNN,Multi-Modal,Mid-Fusion,2019,,96.17,92.66,87.68,84.37,74.82,70.03,91.44,85.81,81,,,,,0.1,FALSE,1 core @ 2.5 Ghz (Python),https://arxiv.org/abs/1911.06084
MCF3D,Multi-Modal,Mid-Fusion,2019,,,,,,,,,,,,,,,,FALSE,,https://ieeexplore.ieee.org/document/8756006
MMF,Multi-Modal,Intermediate,2020,,97.41,94.25,91.8,88.4,77.43,70.22,93.67,88.21,81.99,,,,,0.08,FALSE,GPU @ 2.5 Ghz (Python),https://arxiv.org/abs/2012.12397
3D-CVF,Multi-Modal,Intermediate,2020,,96.78,93.36,86.11,89.2,80.05,73.11,93.52,89.56,82.45,,,,,0.06,TRUE,1 core @ 2.5 Ghz (C/C++),https://arxiv.org/abs/2004.12636
EPNet,Multi-Modal,Intermediate,2020,Jul,96.15,94.44,89.99,89.81,79.28,74.59,94.22,88.47,83.69,-,-,-,-,0.1,TRUE,1 core @ 2.5 Ghz (Python + C/C++),https://arxiv.org/abs/2007.08856
EPNet++,Multi-Modal,Intermediate,2021,,96.73,95.17,92.1,91.37,81.96,76.71,95.41,89,85.73,,,,,0.1,FALSE,GPU @ 2.5 Ghz (Python),https://arxiv.org/abs/2112.11088
TransFusion,Multi-Modal,Intermediate,2022,,,,,,,,,,,0.689 0.717,,,,,FALSE,,https://arxiv.org/abs/2203.11496
BEVFusion,Multi-Modal,Intermediate,2022,,,,,,,,,,,,,,,,FALSE,,https://arxiv.org/abs/2205.13542
FUTR3D,Multi-Modal,Intermediate,2022,,,,,,,,,,,0.694 0.721,,,,,FALSE,,
VF-Fusion,Multi-Modal,Intermediate,2022,,,,,,,,,,,,,,,,FALSE,,
AVOD-FPN,Multi-Modal,Intermediate,,,,,,,,,,,,,,,,,FALSE,,
DeepFusion,Multi-Modal,Intermediate,2022,,,,,,,,,,,,,,,,FALSE,,
MSMDFusion,Multi-Modal,Intermediate,2022,,,,,,,,,,,,,,,,FALSE,,
CAT-Det,Multi-Modal,Intermediate,2022,,95.97,94.71,92.07,89.87,81.32,76.68,92.59,90.07,85.82,,,,,0.3,FALSE,GPU @ 2.5 Ghz (Python + C/C++),
HMFI,Multi-Modal,Intermediate,2022,,96.29,95.16,92.45,88.9,81.93,77.3,93.04,89.17,86.37,,,,,0.1,TRUE,1 core @ 2.5 Ghz (C/C++),
LoGoNet,Multi-Modal,Intermediate,2023,,96.6,95.55,93.07,91.8,85.06,80.74,95.48,91.52,87.09,,,,,0.1,TRUE,1 core @ 2.5 Ghz (C/C++),
SDVRF,Multi-Modal,Intermediate,2023,,,,,,,,,,,,,,,,FALSE,,
SupFusion,Multi-Modal,Intermediate,2023,,,,,,,,,,,,,,,,FALSE,,
FGFusion,Multi-Modal,Intermediate,2023,,,,,,,,,,,,,,,,FALSE,,
VCD,Multi-Modal,Intermediate,2023,,,,,,,,,,,,,,,,FALSE,,
UniTR,Multi-Modal,Intermediate,2023,,,,,,,,,,,0.709 0.745,,,,,FALSE,,
CLOCS,Multi-Modal,Late-Fusion,2020,Dec,96.77,96.07,91.11,89.16,82.28,77.23,92.91,89.48,86.42,-,-,-,-,0.1,FALSE,1 core @ 2.5 Ghz (Python),https://arxiv.org/abs/2009.00784
Fast-CLOCS,Multi-Modal,Late-Fusion,2022,Jun,96.69,95.75,90.95,89.1,80.35,76.99,93.03,89.49,86.4,63.1,68.7,-,-,0.1,TRUE,GPU @ 2.5 Ghz (Python),https://openaccess.thecvf.com/content/WACV2022/papers/Pang_Fast-CLOCs_Fast_Camera-LiDAR_Object_Candidates_Fusion_for_3D_Object_Detection_WACV_2022_paper.pdf
3D FCN,LiDAR,Projection,2016,Nov,86.74,74.65,67.85,-,-,-,70.62,61.67,55.61,-,-,-,-,5,TRUE,1 core @ 2.5 Ghz (C/C++),https://arxiv.org/abs/1611.08069
C-YOLO,LiDAR,Projection,2018,Mar,-,-,-,67.72,64,63.01,85.89,77.4,77.33,-,-,-,-,-,TRUE,-,https://arxiv.org/abs/1803.06199
TowardsSafe,LiDAR,Projection,2018,Apr,-,-,-,-,-,-,-,-,-,-,-,-,-,-,FALSE,-,https://arxiv.org/abs/1804.05132
TopNet,LiDAR,Projection,2018,May,58.04,45.85,41.11,12.67,9.28,7.95,80.16,68.16,63.43,-,-,-,-,0.01,FALSE,NVIDIA GeForce 1080 Ti (tensorflow-gpu),https://arxiv.org/pdf/1805.08689
BirdNet,LiDAR,Projection,2018,May,79.3,57.12,55.16,40.99,27.26,25.32,84.17,59.83,57.35,-,-,-,-,0.11,TRUE,Titan Xp (Caffe),https://arxiv.org/abs/1805.01195
PIXOR,LiDAR,Projection,2019,Feb,-,-,-,-,-,-,81.7,77.05,72.95,-,-,-,-,-,TRUE,-,https://arxiv.org/abs/1902.06326
FVNet,LiDAR,Projection,2019,Mar,86.14,77.19,69.27,65.43,57.34,51.85,78.04,65.03,57.89,-,-,-,-,-,TRUE,-,https://arxiv.org/abs/1903.10750
MODet,LiDAR,Projection,2019,Sep,66.06,62.54,60.04,-,-,-,90.8,87.56,82.69,-,-,-,-,0.05,FALSE,GTX1080Ti,https://ieeexplore.ieee.org/document/8885850
HDNet,LiDAR,Projection,2020,Dec,-,-,-,-,-,-,89.14,86.57,78.32,-,-,-,-,-,TRUE,-,https://arxiv.org/abs/2012.11704
PIXOR++,LiDAR,Projection,2020,Dec,-,-,-,-,-,-,93.28,86.01,80.11,-,-,-,-,-,FALSE,-,https://proceedings.mlr.press/v87/yang18b/yang18b.pdf
BEVDetNet,LiDAR,Projection,2021,Apr,-,-,-,-,-,-,-,-,-,-,-,-,-,-,FALSE,-,https://arxiv.org/pdf/2104.10780
BirdNet+,LiDAR,Projection,2021,Nov,92.61,86.73,81.8,76.15,64.04,59.79,87.43,81.85,75.36,-,-,-,-,0.11,TRUE,Titan Xp (Caffe),https://ieeexplore.ieee.org/stamp/stamp.jsp?tp=&arnumber=9628006
MGTANet,LiDAR,Projection,2022,Dec,-,-,-,-,-,-,-,-,-,67.5,72.7,-,-,-,TRUE,-,https://arxiv.org/abs/2212.00442
GPA3D,LiDAR,Projection,2023,Aug,-,-,-,-,-,-,-,-,-,-,-,-,-,-,TRUE,-,https://arxiv.org/abs/2308.08140
Vote3D ,LiDAR,Voxel,2015,Jul,-,-,-,-,-,-,-,-,-,-,-,-,-,-,FALSE,-,https://www.roboticsproceedings.org/rss11/p35.pdf
Vote3Deep,LiDAR,Voxel,2016,Sep,78.95,70.3,63.12,-,-,-,-,-,-,-,-,-,-,1.5,TRUE,4 cores @ 2.5 Ghz (C/C++),https://arxiv.org/abs/1609.06666
3D FCN,LiDAR,Voxel,2016,Nov,54.38,45.94,40.48,-,-,-,-,-,-,-,-,-,-,5,TRUE,1 core @ 2.5 Ghz (C/C++),https://arxiv.org/abs/1611.08069
VoxelNet,LiDAR,Voxel,2017,Nov,-,-,-,77.82,64.17,57.51,87.95,78.39,71.29,-,-,-,-,-,FALSE,-,https://arxiv.org/abs/1711.06396
SECOND,LiDAR,Voxel,2018,Aug,-,-,-,83.13,73.66,66.2,89.39,83.77,78.59,-,-,-,-,-,TRUE,-,https://pdfs.semanticscholar.org/5125/a16039cabc6320c908a4764f32596e018ad3.pdf
PointPillars,LiDAR,Voxel,2018,Dec,94,91.19,88.17,82.58,74.31,68.99,90.07,86.56,82.81,40.1,55,56.62,-,0.016,TRUE,1080ti GPU and Intel i7 CPU,https://arxiv.org/abs/1812.05784
Voxel-FPN,LiDAR,Voxel,2019,Jun,-,-,-,85.48,76.14,68.05,89.2,87.63,79.23,-,-,-,-,-,FALSE,-,https://arxiv.org/abs/1907.05286
PartA2,LiDAR,Voxel,2019,Jul,95.03,91.86,89.06,87.81,78.49,73.51,91.7,87.79,84.61,-,-,-,-,0.08,TRUE,GPU @ 2.5 Ghz (Python + C/C++),https://arxiv.org/abs/1907.03670
3D IoU Loss,LiDAR,Voxel,2019,Aug,95.92,90.79,85.65,86.16,76.5,71.39,91.36,86.22,81.2,-,-,-,-,0.08,TRUE,GPU @ 2.5 Ghz (Python + C/C++),https://arxiv.org/abs/1908.03851
CBGS,LiDAR,Voxel,2019,Aug,-,-,-,-,-,-,-,-,-,52.8,63.3,-,-,-,FALSE,-,https://arxiv.org/abs/1908.09492
Patches,LiDAR,Voxel,2019,Oct,96.31,92.57,87.41,88.67,77.2,71.82,92.72,88.39,83.19,-,-,-,-,0.15,FALSE,GPU @ 2.0 Ghz,https://arxiv.org/abs/1910.04093
MVF,LiDAR,Voxel,2019,Oct,-,-,-,-,-,-,-,-,-,-,-,62.93,-,-,FALSE,-,https://arxiv.org/abs/1910.06528
TANet,LiDAR,Voxel,2019,Dec,93.67,90.67,85.31,84.39,75.94,68.82,91.58,86.54,81.19,-,-,-,-,0.035,TRUE,GPU @ 2.5 Ghz (Python + C/C++),https://arxiv.org/abs/1912.05163
HotSpotNet,LiDAR,Voxel,2019,Dec,96.21,92.81,89.8,87.6,78.31,73.34,94.06,88.09,83.24,59.3,66,-,-,0.04,FALSE,1 core @ 2.5 Ghz (Python + C/C++),https://arxiv.org/abs/1912.12791
HVNet,LiDAR,Voxel,2020,Feb,-,-,-,-,-,-,92.83,88.82,83.38,-,-,-,-,-,TRUE,-,https://arxiv.org/abs/2003.00186
SegVoxelNet,LiDAR,Voxel,2020,Feb,96,92.73,87.6,86.04,76.13,70.76,91.62,86.37,83.04,-,-,-,-,0.04,FALSE,1 core @ 2.5 Ghz (Python),https://arxiv.org/abs/2002.05316
DOPS,LiDAR,Voxel,2020,Apr,-,-,-,-,-,-,-,-,-,-,-,56.4,-,-,FALSE,-,https://arxiv.org/abs/2004.01170
SSN,LiDAR,Voxel,2020,Apr,-,-,-,-,-,-,-,-,-,46.3,56.9,-,-,-,TRUE,-,https://arxiv.org/abs/2004.02774
Reconfigurable Voxels,LiDAR,Voxel,2020,Apr,-,-,-,-,-,-,-,-,-,48.5,59,-,-,-,FALSE,-,https://arxiv.org/abs/2004.02724
Associate-3Ddet,LiDAR,Voxel,2020,Jun,95.61,92.45,87.32,85.99,77.4,70.53,91.4,88.09,82.96,-,-,-,-,0.05,FALSE,1 core @ 2.5 Ghz (Python + C/C++),https://arxiv.org/abs/2006.04356
AFDet,LiDAR,Voxel,2020,Jun,-,-,-,-,-,-,-,-,-,-,-,63.69,-,-,TRUE,-,https://arxiv.org/abs/2006.12671
CenterPoint,LiDAR,Voxel,2020,Jun,-,-,-,81.17,73.96,69.48,-,-,-,58,65.5,76.7,68.8,-,TRUE,-,https://arxiv.org/abs/2006.11275
SA-SSD,LiDAR,Voxel,2020,Jun,97.92,95.16,90.15,88.75,79.79,74.16,95.03,91.03,85.96,-,-,-,-,0.04,TRUE,1 core @ 2.5 Ghz (Python),https://www4.comp.polyu.edu.hk/~cslzhang/paper/SA-SSD.pdf
SVGA-Net,LiDAR,Voxel,2020,Jun,96.05,94.67,91.86,87.33,80.47,75.91,92.07,89.88,85.59,-,-,-,-,0.03,FALSE,1 core @ 2.5 Ghz (Python + C/C++),https://arxiv.org/abs/2006.04043
Pillar-OD,LiDAR,Voxel,2020,Jul,-,-,-,-,-,-,-,-,-,-,-,69.8,-,-,TRUE,-,https://arxiv.org/abs/2007.10323
CVC-Net,LiDAR,Voxel,2020,Nov,-,-,-,-,-,-,-,-,-,55.8,64.2,65.2,-,-,TRUE,-,https://arxiv.org/abs/2011.00782
3diomatch,LiDAR,Voxel,2020,Dec,-,-,-,-,-,-,-,-,-,-,-,-,-,-,TRUE,-,https://arxiv.org/abs/2012.04355
Voxel R-CNN,LiDAR,Voxel,2020,Dec,96.49,95.11,92.45,90.9,81.62,77.06,94.85,88.83,86.13,-,-,75.59,66.59,0.04,TRUE,GPU @ 3.0 Ghz (C/C++),https://arxiv.org/abs/2012.15712
CIA-SSD,LiDAR,Voxel,2020,Dec,96.87,93.72,86.2,89.59,80.28,72.87,93.74,89.84,82.39,-,-,-,-,0.03,FALSE,1 core @ 2.5 Ghz (Python + C/C++),https://arxiv.org/abs/2012.03015
SE-SSD,LiDAR,Voxel,2021,Apr,96.69,95.6,90.53,91.49,82.54,77.15,96.68,91.84,86.72,-,-,-,-,0.03,TRUE,1 core @ 2.5 Ghz (Python + C/C++),https://arxiv.org/abs/2104.09804
SPG,LiDAR,Voxel,2021,Aug,96.23,95.32,92.68,90.64,82.66,77.91,92.8,89.12,86.27,-,-,-,-,0.09,FALSE,GPU @ 2.5 Ghz (Python),https://arxiv.org/abs/2108.06709
VoTr-TSD,LiDAR,Voxel,2021,Sep,95.95,94.81,92.24,89.9,82.09,79.14,94.03,90.34,86.14,-,-,74.95,65.91,0.07,TRUE,1 core @ 2.5 Ghz (C/C++),https://arxiv.org/abs/2109.02497
Object DGCNN,LiDAR,Voxel,2021,Oct,-,-,-,-,-,-,-,-,-,58.7,66.1,-,-,-,TRUE,-,https://arxiv.org/abs/2110.06923
BtcDet,LiDAR,Voxel,2021,Dec,96.23,93.47,88.55,90.64,82.86,78.09,92.81,89.34,84.55,-,-,-,-,0.09,TRUE,GPU @ 2.5 Ghz (Python + C/C++),https://arxiv.org/abs/2112.02205
SST,LiDAR,Voxel,2021,Dec,-,-,-,-,-,-,-,-,-,-,-,74.2,65.5,-,TRUE,-,https://arxiv.org/abs/2112.06375
AFDetv2,LiDAR,Voxel,2021,Dec,-,-,-,-,-,-,-,-,-,62.4,68.5,-,-,-,FALSE,-,https://arxiv.org/abs/2112.09205
Point2Seq,LiDAR,Voxel,2022,Mar,-,-,-,-,-,-,-,-,-,-,-,-,-,-,TRUE,-,https://arxiv.org/abs/2203.13394
VoxSeT,LiDAR,Voxel,2022,Mar,96.16,95.23,90.49,88.53,82.06,77.46,92.7,89.07,86.29,-,-,-,-,0.033,TRUE,1 core @ 2.5 Ghz (C/C++),https://arxiv.org/abs/2203.10314
FocalsConv,LiDAR,Voxel,2022,Apr,96.3,95.28,92.69,90.55,82.28,77.59,92.67,89,86.33,-,-,-,-,0.1,TRUE,1 core @ 2.5 Ghz (C/C++),https://arxiv.org/abs/2204.12463
PillarNet,LiDAR,Voxel,2022,May,-,-,-,-,-,-,-,-,-,66,71.4,83.23,76.09,-,TRUE,-,https://arxiv.org/abs/2205.07403
FSD,LiDAR,Voxel,2022,Jul,-,-,-,-,-,-,-,-,-,-,-,-,-,-,TRUE,-,https://arxiv.org/abs/2207.10035
PBTS,LiDAR,Voxel,2022,Sep,-,-,-,-,-,-,-,-,-,-,-,-,-,-,FALSE,-,https://arxiv.org/abs/2209.15252
SWFormer,LiDAR,Voxel,2022,Oct,-,-,-,-,-,-,-,-,-,-,-,77.8,69.2,-,FALSE,-,https://arxiv.org/abs/2210.07372
TED,LiDAR,Voxel,2022,Nov,96.64,96.03,93.35,91.61,85.28,80.68,95.44,92.05,87.3,-,-,-,-,0.1,TRUE,1 core @ 2.5 Ghz (C/C++),https://arxiv.org/abs/2211.11962
Harmonic Point Pillar,LiDAR,Voxel,2022,Nov,94.23,90.78,87.42,82.26,73.96,69.21,-,-,-,-,-,-,-,-,TRUE,-,https://arxiv.org/abs/2211.03407
BSAODet,LiDAR,Voxel,2023,Feb,-,-,-,88.66,81.95,77.4,-,-,-,-,-,-,-,-,FALSE,-,https://ieeexplore.ieee.org/document/10052705
VoxelNexT,LiDAR,Voxel,2023,Mar,-,-,-,-,-,-,-,-,-,-,-,-,-,-,TRUE,-,https://arxiv.org/abs/2303.11301
MV-JAR,LiDAR,Voxel,2023,Mar,-,-,-,-,-,-,-,-,-,-,-,-,-,-,TRUE,-,https://arxiv.org/abs/2303.13510
PillarNext,LiDAR,Voxel,2023,May,-,-,-,-,-,-,-,-,-,-,-,-,-,-,TRUE,-,https://arxiv.org/abs/2305.04925
FSDv2,LiDAR,Voxel,2023,Aug,-,-,-,-,-,-,-,-,-,-,-,-,-,-,TRUE,-,https://arxiv.org/abs/2308.03755
Diff3Det,LiDAR,Voxel,2023,Sep,-,-,-,-,-,-,-,-,-,-,-,-,-,-,FALSE,-,https://arxiv.org/abs/2309.02049
VoTr-SSD-SCP,LiDAR,Voxel,2023,Sep,-,-,-,-,-,-,-,-,-,-,-,-,-,-,FALSE,-,https://arxiv.org/abs/2309.06199
PASS-PV-RCNN++,LiDAR,Voxel,2024,Mar,95.79,94.59,92.1,87.65,81.28,76.79,92.17,88.37,85.75,-,-,-,-,1,TRUE,1 core @ 2.5 Ghz (Python),https://arxiv.org/abs/2403.01978
PV-GNN,LiDAR,Voxel,2024,Jun,-,-,-,91.64,82.49,77.28,95.09,92.38,87.44,-,-,-,-,-,FALSE,-,https://www.researchgate.net/publication/382007680_PV-GNNPoint-Voxel_3D_Object_Detection_based_on_Graph_Neural_Network
SCNet3D,LiDAR,Voxel,2024,Nov,-,-,-,89.16,82.35,77.72,-,-,-,-,-,-,-,-,FALSE,-,https://ieeexplore.ieee.org/stamp/stamp.jsp?tp=&arnumber=10745877
PointNet,LiDAR,Point,2016,Dec,-,-,-,-,-,-,-,-,-,-,-,-,-,-,TRUE,-,https://arxiv.org/abs/1612.00593
PointNet++,LiDAR,Point,2017,Jun,-,-,-,-,-,-,-,-,-,-,-,-,-,-,TRUE,-,https://arxiv.org/abs/1706.02413
SplatNet,LiDAR,Point,2018,Feb,-,-,-,-,-,-,-,-,-,-,-,-,-,-,TRUE,-,https://arxiv.org/pdf/1802.08275
iPOD,LiDAR,Point,2018,Dec,90.2,89.3,87.37,71.4,53.46,48.34,86.93,83.98,77.85,-,-,-,-,-,FALSE,-,https://arxiv.org/abs/1812.05276
PointRCNN,LiDAR,Point,2018,Dec,95.92,91.9,87.11,86.96,75.64,70.7,92.13,87.39,82.72,-,-,-,-,0.1,TRUE,GPU @ 2.5 Ghz (Python + C/C++),https://arxiv.org/abs/1812.04244
STD,LiDAR,Point,2019,Jul,96.14,93.22,90.53,87.95,79.71,75.09,94.74,89.19,86.42,-,-,-,-,0.08,TRUE,GPU @ 2.5 Ghz (Python + C/C++),https://arxiv.org/abs/1907.10471
StarNet,LiDAR,Point,2019,Aug,-,-,-,81.63,73.99,67.07,-,-,-,-,-,53.7,-,-,TRUE,-,https://arxiv.org/abs/1908.11069
PointRGCN,LiDAR,Point,2019,Nov,96.19,92.67,87.66,85.97,75.73,70.6,91.63,87.49,90.73,-,-,-,-,0.26,TRUE,GPU @ V100 (Python),https://arxiv.org/abs/1911.12236
PI-RCNN,LiDAR,Point,2019,Nov,96.17,92.66,87.68,84.37,74.82,70.03,91.44,85.81,81,-,-,-,-,0.1,TRUE,1 core @ 2.5 Ghz (Python),https://arxiv.org/abs/1911.06084
3DSSD,LiDAR,Point,2020,Feb,97.69,95.1,92.18,88.36,79.57,74.55,92.66,89.02,85.86,42.6,56.4,-,-,0.04,TRUE,GPU @ 2.5 Ghz (Python + C/C++),https://arxiv.org/abs/2002.10187
Point-GNN,LiDAR,Point,2020,Mar,96.58,93.5,88.35,88.33,79.47,72.29,93.11,89.17,83.9,-,-,-,-,0.6,TRUE,GPU @ 2.5 Ghz (Python),https://arxiv.org/abs/2003.01251
3D IoU Net,LiDAR,Point,2020,Apr,-,-,-,87.96,79.03,72.78,94.76,88.38,81.93,-,-,-,-,-,FALSE,-,https://arxiv.org/abs/2004.04962
SERCNN,LiDAR,Point,2020,Jun,96.31,94.24,89.71,87.74,78.96,74.3,94.11,88.1,83.43,-,-,-,-,-,TRUE,-,https://www.researchgate.net/publication/343456447_Joint_3D_Instance_Segmentation_and_Object_Detection_for_Autonomous_Driving
Faraway-Frustum,LiDAR,Point,2020,Nov,95.81,93.99,91.72,87.45,79.05,76.14,91.9,88.08,85.35,-,-,-,-,0.1,TRUE,GPU @ 2.5 Ghz (Python),https://arxiv.org/abs/2011.01404
PointFormer,LiDAR,Point,2020,Dec,-,-,-,87.13,77.06,69.25,-,-,-,53.6,-,-,-,-,TRUE,-,https://arxiv.org/abs/2012.11409
EPNet++,LiDAR,Point,2021,Dec,96.73,95.17,92.1,91.37,81.96,76.71,95.41,89,85.73,-,-,-,-,0.1,TRUE,GPU @ 2.5 Ghz (Python),https://arxiv.org/abs/2112.11088
SASA,LiDAR,Point,2022,Jan,96.01,95.35,92.42,88.76,82.16,77.16,92.87,89.51,86.35,-,-,-,-,0.04,TRUE,1 core @ 2.5 Ghz (Python + C/C++),https://arxiv.org/abs/2201.01976
IA-SSD,LiDAR,Point,2022,Mar,96.1,93.56,90.68,88.27,80.32,75.1,92.79,89.33,84.35,-,-,-,-,0.014,TRUE,1 core @ 2.5 Ghz (C/C++),https://arxiv.org/abs/2203.11139
DFAF3D,LiDAR,Point,2023,Jan,96.58,93.32,90.24,88.59,79.37,72.21,93.14,89.45,84.22,-,-,-,-,-,FALSE,1 core @ 2.5 Ghz (Python),https://www.sciencedirect.com/science/article/pii/S0262885622002232?casa_token=8BB4XKvbmu8AAAAA:MJu42DTy2o2xqi8RmYe0siPUj_4gO-YKsEAVJ_Z-3hihILQaugN83sIScZTAqkVwYPk2-HEYgKU
RDD,LiDAR,Point,2023,Aug,-,-,-,-,-,-,-,-,-,57.1,65,-,-,-,FALSE,-,https://arxiv.org/pdf/2308.10308
PAttFormer,LiDAR,Point,2024,Apr,-,-,-,91,82,79.1,-,-,-,-,-,-,-,-,FALSE,-,https://arxiv.org/abs/2404.12798
HINTED,LiDAR,Point,2024,Jun,95.16,90.97,85.55,84,74.13,67.03,90.61,86.01,79.29,-,-,-,-,0.04,TRUE,1 core @ 2.5 Ghz (C/C++),https://ieeexplore.ieee.org/document/10655437
PVCNN,LiDAR,Point-Voxel,2019,Jul,-,-,-,-,-,-,-,-,-,-,-,-,-,-,TRUE,-,https://arxiv.org/abs/1907.03739
Fast Point R-CNN,LiDAR,Point-Voxel,2019,Aug,96.13,93.18,87.68,85.29,77.4,70.24,90.87,87.84,80.52,-,-,-,-,0.06,FALSE,GPU @ 2.5 Ghz (Python + C/C++),https://arxiv.org/abs/1908.02990
PV-RCNN,LiDAR,Point-Voxel,2019,Dec,98.17,94.7,92.04,90.25,81.43,76.82,94.98,90.65,86.14,-,-,77.51,68.98,0.08,TRUE,1 core @ 2.5 Ghz (Python + C/C++),https://arxiv.org/abs/1912.13192
SA-SSD,LiDAR,Point-Voxel,2020,Jun,97.92,95.16,90.15,88.75,79.79,74.16,95.03,91.03,85.96,-,-,-,-,0.04,TRUE,1 core @ 2.5 Ghz (Python),https://openaccess.thecvf.com/content_CVPR_2020/papers/He_Structure_Aware_Single-Stage_3D_Object_Detection_From_Point_Cloud_CVPR_2020_paper.pdf
InfoFocus,LiDAR,Point-Voxel,2020,Jul,-,-,-,-,-,-,-,-,-,39.5,-,-,-,-,FALSE,-,https://arxiv.org/abs/2007.08556
SPVNAS,LiDAR,Point-Voxel,2020,Jul,-,-,-,87.8,78.4,74.8,-,-,-,-,-,-,-,-,TRUE,-,https://arxiv.org/abs/2007.16100
PV-RCNN++,LiDAR,Point-Voxel,2021,Jan,-,-,-,90.14,81.88,77.15,-,-,-,-,-,79.25,70.61,-,FALSE,-,https://arxiv.org/abs/2102.00463
LiDAR R-CNN,LiDAR,Point-Voxel,2021,Mar,-,-,-,-,-,-,-,-,-,-,-,76,68.3,-,TRUE,-,https://arxiv.org/abs/2103.15297
SIENet ,LiDAR,Point-Voxel,2021,Mar,96.02,94.97,92.4,88.22,81.71,77.22,92.38,88.65,86.03,-,-,-,-,0.08,TRUE,1 core @ 2.5 Ghz (Python),https://arxiv.org/abs/2103.15396
BADet,LiDAR,Point-Voxel,2021,Apr,98.65,95.34,90.28,89.28,81.61,76.59,95.23,91.32,86.48,-,-,-,-,0.14,TRUE,1 core @ 2.5 Ghz (C/C++),https://arxiv.org/abs/2104.10330
HVPR,LiDAR,Point-Voxel,2021,Apr,-,-,-,86.38,77.92,73.04,-,-,-,-,-,-,-,-,TRUE,-,https://arxiv.org/abs/2104.00902
M3DETR,LiDAR,Point-Voxel,2021,Apr,97.39,94.83,92.1,90.28,81.73,76.96,94.41,90.37,85.98,-,-,-,-,n/ a s,TRUE,GPU @ 1.0 Ghz (Python),https://arxiv.org/abs/2104.11896
VIC-Net,LiDAR,Point-Voxel,2021,May,-,-,-,88.6,81.57,77.09,-,-,-,-,-,-,-,-,TRUE,-,https://ieeexplore.ieee.org/stamp/stamp.jsp?tp=&arnumber=9561597
PVG-Net,LiDAR,Point-Voxel,2021,Jun,-,-,-,89.94,81.81,77.09,94.36,91.26,86.63,-,-,74,-,-,FALSE,-,https://openaccess.thecvf.com/content/CVPR2021/papers/Miao_PVGNet_A_Bottom-Up_One-Stage_3D_Object_Detector_With_Integrated_Multi-Level_CVPR_2021_paper.pdf
CT3D ,LiDAR,Point-Voxel,2021,Aug,-,-,-,87.83,81.77,77.16,92.36,88.83,84.07,-,-,76.3,69.04,-,TRUE,-,https://arxiv.org/abs/2108.10723
Pyramid-PV,LiDAR,Point-Voxel,2021,Sep,95.88,95.13,92.62,88.39,82.08,77.49,92.19,88.84,86.21,-,-,-,-,0.07,TRUE,1 core @ 2.5 Ghz (C/C++),https://arxiv.org/abs/2109.02499
DVFENet,LiDAR,Point-Voxel,2021,Oct,95.35,94.57,91.77,86.2,79.18,74.58,90.93,87.68,84.6,-,-,-,-,0.05,FALSE,1 core @ 2.5 Ghz (Python + C/C++),https://dl.acm.org/doi/10.1016/j.neucom.2021.06.046
AFE-RCNN,LiDAR,Point-Voxel,2022,Jan,95.84,94.63,92.07,88.41,81.53,77.03,-,-,-,-,-,-,-,-,FALSE,-,https://www.mdpi.com/2072-4292/14/5/1176
PDV,LiDAR,Point-Voxel,2022,Mar,96.07,95,92.44,90.43,81.86,77.36,94.56,90.48,86.23,-,-,-,-,0.1,TRUE,1 core @ 2.5 Ghz (C/C++),https://arxiv.org/abs/2203.05662
EQ-PVRCNN,LiDAR,Point-Voxel,2022,Mar,98.23,95.32,92.65,90.13,82.01,77.53,94.55,89.09,86.4,-,-,-,-,0.2,TRUE,GPU @ 2.5 Ghz (Python + C/C++),https://arxiv.org/abs/2203.01252
Bi3D,LiDAR,Point-Voxel,2023,Mar,-,-,-,-,-,-,-,-,-,-,-,-,-,-,TRUE,-,https://arxiv.org/abs/2303.05886
PVT-SSD,LiDAR,Point-Voxel,2023,May,96.75,95.9,90.69,90.65,82.29,76.85,95.23,91.63,86.43,-,-,-,-,0.05,FALSE,1 core @ 2.5 Ghz (Python + C/C++),https://arxiv.org/abs/2305.06621
PG-RCNN,LiDAR,Point-Voxel,2023,Jul,96.66,95.4,90.55,89.38,82.13,77.33,93.39,89.46,86.54,-,-,-,-,0.06,TRUE,GPU @ 1.5 Ghz (Python),https://arxiv.org/abs/2307.12637
Uni3DETR,LiDAR,Point-Voxel,2023,Oct,-,-,-,91.14,82.26,77.58,-,-,-,-,-,-,-,-,TRUE,-,https://arxiv.org/abs/2310.05699
3DOMV,Camera,Multiview,2017,,,,,,,,,,,,,-,-,,FALSE,,https://arxiv.org/abs/2110.06922
MVRA,Camera,Multiview,2019,Oct,95.87,94.98,82.52,5.19,3.27,2.49,9.05,5.84,4.5,-,-,-,-,0.18,FALSE,GPU @ 2.5 Ghz (Python),https://ieeexplore.ieee.org/stamp/stamp.jsp?tp=&arnumber=9022190
H^2 3D R-CNN,Camera,Multiview,2021,,96.2,92.3,90.55,90.43,81.55,77.22,92.85,88.87,86.07,,,-,-,0.03,TRUE,1 core @ 2.5 Ghz (C/C++),https://arxiv.org/abs/2112.11790
DETR3D,Camera,Multiview,2021,,,,,,,,,,,41.2,47.9,-,-,,FALSE,,https://arxiv.org/abs/2206.10092
BEVDet,Camera,Multiview,2021,,,,,,,,,,,39.8,46.3,-,-,,FALSE,,https://arxiv.org/abs/2106.01178
BEVDepth,Camera,Multiview,2022,,,,,,,,,,,52,60.9,-,-,,FALSE,,https://arxiv.org/abs/2203.05625
ImVoxelNet,Camera,Multiview,2022,,89.9,79.09,69.45,17.15,10.97,9.15,25.19,16.37,13.58,41.2,47.9,-,-,0.2,TRUE,GPU @ 2.5 Ghz (Python),https://arxiv.org/abs/2208.10145
PETR,Camera,Multiview,2022,,,,,,,,,,,44.5,50.4,-,-,,FALSE,,https://arxiv.org/abs/2205.09743
STS,Camera,Multiview,2022,,,,,,,,,,,42.2,52.9,-,-,,FALSE,,https://arxiv.org/abs/2203.17270
BEVerse,Camera,Multiview,2022,,,,,,,,,,,39.3,53.1,-,-,,FALSE,,https://arxiv.org/abs/2211.10439
BEVFormer,Camera,Multiview,2022,,,,,,,,,,,48.1,56.9,-,-,,FALSE,,https://arxiv.org/abs/2304.00967
BEVFormerv2,Camera,Multiview,2022,,,,,,,,,,,,,-,-,,FALSE,,https://arxiv.org/abs/2209.10248
BEVStereo,Camera,Multiview,2022,,,,,,,,,,,52.5,61,-,-,,FALSE,,https://arxiv.org/abs/2206.04042
SOLOFusion,Camera,Multiview,2022,,,,,,,,,,,54,61.9,-,-,,FALSE,,https://arxiv.org/abs/2206.15398
Ego3D,Camera,Multiview,2022,,,,,,,,,,,,,-,-,,FALSE,,https://arxiv.org/abs/2207.00865
PolarFormer,Camera,Multiview,2022,,,,,,,,,,,45.6,54.3,-,-,,FALSE,,https://arxiv.org/abs/2211.12501
ORA3D,Camera,Multiview,2022,,,,,,,,,,,,,-,-,,FALSE,,https://arxiv.org/abs/2303.01686
AeDet,Camera,Multiview,2022,,,,,,,,,,,,,-,-,,FALSE,,https://arxiv.org/abs/2303.10209
BEV3D,Camera,Multiview,2022,,,,,,,,,,,42.1,47.4,,,,FALSE,,
SH3D,Camera,Multiview,2022,,,,,,,,,,,40.6,47.8,,,,FALSE,,
SpatialDETR,Camera,Multiview,2022,,,,,,,,,,,42.5,48.7,,,,FALSE,,
PolarDETR,Camera,Multiview,2022,,,,,,,,,,,43.1,49.3,,,,FALSE,,
FocalPETR,Camera,Multiview,2022,,,,,,,,,,,46.5,51.6,,,,FALSE,,
PETRv2,Camera,Multiview,2022,,,,,,,,,,,49,58.2,,,,FALSE,,
VoxelFormer,Camera,Multiview,2022,,,,,,,,,,,48.6,57.4,,,,FALSE,,
BevFormer2,Camera,Multiview,2022,,,,,,,,,,,55.6,63.4,,,,FALSE,,
Multicon,Camera,Multiview,2022,,,,,,,,,,,45.4,51.6,,,,FALSE,,
BEV Distill,Camera,Multiview,2022,,,,,,,,,,,49.6,59.4,,,,FALSE,,
HoP,Camera,Multiview,2023,,,,,,,,,,,62.4,68.5,-,-,,FALSE,,https://arxiv.org/abs/2210.02443
MV3D-Det,Camera,Multiview,2023,,,,,,,,,,,,,-,-,,FALSE,,https://arxiv.org/abs/2303.14548
CAPE,Camera,Multiview,2023,,,,,,,,,,,55.3,62.8,-,-,,FALSE,,https://arxiv.org/abs/2308.09244
VEDet,Camera,Multiview,2023,,,,,,,,,,,,,-,-,,FALSE,,https://arxiv.org/abs/2303.11926
SparseBEV,Camera,Multiview,2023,,,,,,,,,,,60.3,67.5,-,-,,FALSE,,https://arxiv.org/abs/2308.10515
StreamPETR,Camera,Multiview,2023,,,,,,,,,,,55,63.1,-,-,,FALSE,,https://arxiv.org/abs/2309.15109
QD-BEV,Camera,Multiview,2023,,,,,,,,,,,,,-,-,,FALSE,,https://arxiv.org/abs/2308.13794
DistillBEV,Camera,Multiview,2023,,,,,,,,,,,,,-,-,,FALSE,,https://arxiv.org/abs/2308.02236
SOGDet,Camera,Multiview,2023,,,,,,,,,,,47.4,58.1,-,-,,FALSE,,https://arxiv.org/abs/2308.13794
FB-BEV,Camera,Multiview,2023,,,,,,,,,,,,,-,-,,FALSE,,https://arxiv.org/abs/2308.02236
VAMPIRE,Camera,Multiview,2023,,,,,,,,,,,,,-,-,,FALSE,,https://arxiv.org/abs/2312.11837
IA-BEV,Camera,Multiview,2023,,,,,,,,,,,54.5,63,-,-,,FALSE,,https://arxiv.org/abs/2312.08004
NERF-Det,Camera,Multiview,2023,,,,,,,,,,,,,-,-,,FALSE,,https://arxiv.org/abs/2307.14620
ImGeoNet,Camera,Multiview,2023,,,,,,,,,,,,,,,,FALSE,,https://arxiv.org/abs/2308.09098
VEDet,Camera,Multiview,2023,,,,,,,,,,,,,,,,FALSE,,https://www.youtube.com/watch?v=EmQecaJi-2U&list=WL&index=23&ab_channel=DianChen
BEVHeight ,Camera,Multiview,2023,,,,,,,,,,,53.2,61.5,,,,FALSE,,
WeakMono3D,Camera,Multiview,2023,Mar,-,-,-,6.98,4.85,4.45,12.31,8.8,7.81,,,,,,FALSE,,https://openaccess.thecvf.com/content/CVPR2023/papers/Tao_Weakly_Supervised_Monocular_3D_Object_Detection_Using_Multi-View_Projection_and_CVPR_2023_paper.pdf
NERF-Det++,Camera,Multiview,2024,,,,,,,,,,,,,,,,FALSE,,https://arxiv.org/abs/2402.14464
NERF-DetS,Camera,Multiview,2024,,,,,,,,,,,,,,,,FALSE,,https://arxiv.org/abs/2404.13921
MVSDet,Camera,Multiview,2024,,,,,,,,,,,,,,,,FALSE,,https://arxiv.org/abs/2410.21566
RT-BEV,Camera,Multiview,2024,,,,,,,,,,,,,,,,FALSE,,https://github.com/Torreskai0722/RT-BEV
BEV-TinySpotter,Camera,Multiview,2024,,,,,,,,,,,,,,,,FALSE,,https://www.sciencedirect.com/science/article/pii/S1566253524005712
MambaDetr,Camera,Multiview,2024,,,,,,,,,,,,,,,,FALSE,,https://arxiv.org/pdf/2411.13628
PolarBEVDet,Camera,Multiview,2024,,,,,,,,,,,55.8,63.5,,,,FALSE,,
SeaBird,Camera,Multiview,2024,Mar,-,-,-,-,-,-,-,-,-,-,-,-,-,-,TRUE,-,https://arxiv.org/abs/2403.20318
GO-N3RDet,Camera,Multiview,2025,,,,,,,,,,,,,,,,FALSE,,https://arxiv.org/pdf/2503.15211
PolarBEVU,Camera,Multiview,2025,,,,,,,,,,,,,,,,FALSE,,https://ieeexplore.ieee.org/stamp/stamp.jsp?tp=&arnumber=10908369
RoPETR,Camera,Multiview,2025,,,,,,,,,,,64.8,70.9,,,,FALSE,,
3DOP,Camera,Stereo,2015,Dec,92.96,89.55,79.38,-,-,-,-,-,-,-,-,-,-,3,FALSE,GPU @ 2.5 Ghz (Matlab + C/C++),https://proceedings.neurips.cc/paper_files/paper/2015/file/6da37dd3139aa4d9aa55b8d237ec5d4a-Paper.pdf
Pseudo-LiDAR,Camera,Stereo,2018,Dec,85.4,67.79,58.5,54.53,34.05,28.25,67.3,45,38.4,-,-,-,-,0.4,TRUE,GPU @ 2.5 Ghz (Python + C/C++),https://arxiv.org/abs/1812.07179
Stereo R-CNN,Camera,Stereo,2019,Feb,93.98,85.98,71.25,47.58,30.23,23.72,61.92,41.31,33.42,-,-,-,-,0.3,TRUE,GPU @ 2.5 Ghz (Python),https://arxiv.org/abs/1902.09738
TLNet,Camera,Stereo,2019,Jun,76.92,63.53,54.58,7.64,4.37,3.74,13.71,7.69,6.73,-,-,-,-,0.1,TRUE,1 core @ 2.5 Ghz (Python),https://arxiv.org/pdf/1906.01193
Pseudo-LiDAR++,Camera,Stereo,2019,Jun,94.46,82.9,75.45,61.11,42.43,36.99,78.31,58.01,51.25,-,-,-,-,0.4,TRUE,GPU @ 2.5 Ghz (Python),https://arxiv.org/abs/1906.06310
RT3D-Stereo,Camera,Stereo,2019,Oct,56.53,45.81,37.63,29.9,23.28,18.96,58.81,46.82,38.38,-,-,-,-,0.08,TRUE,GPU @ 2.5 Ghz (C/C++),https://ieeexplore.ieee.org/stamp/stamp.jsp?tp=&arnumber=8917330
DSGN,Camera,Stereo,2020,Jan,95.53,86.43,78.75,73.5,52.18,45.14,82.9,65.05,56.6,-,-,-,-,0.67,TRUE,NVIDIA Tesla V100,https://arxiv.org/pdf/2001.03398
OC-Stereo,Camera,Stereo,2020,Mar,87.39,74.6,62.56,55.15,37.6,30.25,68.89,51.47,42.97,-,-,-,-,0.35,TRUE,1 core @ 2.5 Ghz (Python + C/C++),https://arxiv.org/abs/2003.05505
ZoomNet,Camera,Stereo,2020,Mar,94.22,83.92,69,55.98,38.64,30.97,72.94,54.91,44.14,-,-,-,-,0.3,TRUE,1 core @ 2.5 Ghz (C/C++),https://arxiv.org/pdf/2003.00529
Disp R-CNN,Camera,Stereo,2020,Apr,93.45,82.64,70.45,68.21,45.78,37.73,79.76,58.62,47.73,-,-,-,-,0.387,TRUE,GPU @ 2.5 Ghz (Python + C/C++),https://arxiv.org/pdf/2004.03572
Pseudo-LiDAR E2E,Camera,Stereo,2020,Apr,-,-,-,64.75,43.92,38.14,79.6,58.8,52.1,-,-,-,-,-,TRUE,-,https://arxiv.org/abs/2004.03080
IDA3D,Camera,Stereo,2020,Jun,-,-,-,-,-,-,-,-,-,-,-,-,-,-,TRUE,-,https://openaccess.thecvf.com/content_CVPR_2020/papers/Peng_IDA-3D_Instance-Depth-Aware_3D_Object_Detection_From_Stereo_Vision_for_Autonomous_CVPR_2020_paper.pdf
CDN,Camera,Stereo,2020,Jul,95.85,87.19,79.43,74.52,54.22,46.36,83.32,66.24,57.65,-,-,-,-,0.6,TRUE,GPU @ 2.5 Ghz (Python),https://arxiv.org/abs/2007.03085
CG-Stereo,Camera,Stereo,2020,Sep,96.31,90.38,82.8,74.39,53.58,46.5,85.29,66.44,58.95,-,-,-,-,0.57,FALSE,GeForce RTX 2080 Ti,https://arxiv.org/abs/1909.07566
RTS3D,Camera,Stereo,2020,Dec,-,-,-,58.51,37.38,31.12,72.17,45.22,38.48,-,-,-,-,-,TRUE,-,https://arxiv.org/pdf/2012.15072
RT3D-GMP,Camera,Stereo,2020,Dec,62.41,51.95,39.14,16.23,11.41,10.12,69.14,59,45.49,-,-,-,-,0.06,FALSE,GPU @ 2.5 Ghz (Python + C/C++),https://ieeexplore.ieee.org/stamp/stamp.jsp?tp=&arnumber=9294743
PLUMENet,Camera,Stereo,2021,Jan,-,-,-,-,-,-,83.32,66.24,57.65,-,-,-,-,0.15,TRUE,GPU @ 2.5 Ghz (Python),https://arxiv.org/abs/2101.06594
YOLOStereo3D,Camera,Stereo,2021,Mar,94.81,82.15,62.17,65.68,41.25,30.42,76.1,50.28,36.86,-,-,-,-,0.1,TRUE,GPU 1080Ti,https://arxiv.org/abs/2103.09422
SIDE,Camera,Stereo,2021,Aug,-,-,-,47.69,30.82,25.68,-,-,-,-,-,-,-,-,FALSE,-,https://arxiv.org/abs/2108.09663
LIGA-Stereo,Camera,Stereo,2021,Aug,96.43,93.82,86.19,81.39,64.66,57.22,88.15,76.78,67.4,-,-,-,-,0.4,TRUE,1 core @ 2.5 Ghz (Python + C/C++),https://arxiv.org/abs/2108.08258
StereoCenterNet,Camera,Stereo,2021,Sep,96.61,91.27,93.5,49.44,31.3,25.62,62.97,42.12,35.37,-,-,-,-,0.04,FALSE,GPU @ 2.5 Ghz (Python),https://arxiv.org/pdf/2103.11071
ESGN,Camera,Stereo,2021,Nov,44.09,32.6,29.1,65.8,46.39,38.42,78.1,58.12,49.28,-,-,-,-,0.06,FALSE,GPU @ 2.5 Ghz (Python + C/C++),https://arxiv.org/abs/2111.14055
SNVC,Camera,Stereo,2022,Mar,96.33,93.32,85.81,78.54,61.34,54.23,86.88,73.61,64.49,-,-,-,-,1,TRUE,GPU @ 1.0 Ghz (Python),https://arxiv.org/abs/2203.11018
Pseudo-Stereo,Camera,Stereo,2022,Mar,95.75,90.27,82.32,23.74,17.74,15.14,32.64,23.76,20.64,-,-,-,-,0.25,TRUE,1 core @ 2.5 Ghz (C/C++),https://arxiv.org/abs/2203.02112
DSGN++,Camera,Stereo,2022,Apr,98.08,95.7,88.27,83.21,67.37,59.91,88.55,78.94,69.74,-,-,-,-,0.2,TRUE,GeForce RTX 2080Ti,https://ieeexplore.ieee.org/stamp/stamp.jsp?tp=&arnumber=9745802
DfM,Camera,Stereo,2022,Jul,-,-,-,22.94,16.82,14.65,31.71,22.89,19.97,-,-,-,-,-,FALSE,-,https://arxiv.org/abs/2207.12988
DID-M3D,Camera,Stereo,2022,Jul,94.29,91.04,81.31,24.4,16.29,13.75,32.95,22.76,19.83,-,-,-,-,0.04,TRUE,1 core @ 2.5 Ghz (Python),https://arxiv.org/abs/2207.08531
DMF,Camera,Stereo,2022,Oct,89.5,85.49,82.52,77.55,67.33,62.44,84.64,80.29,76.05,-,-,-,-,0.2,FALSE,1 core @ 2.5 Ghz (Python + C/C++),https://arxiv.org/pdf/2204.03039
StereoDistill,Camera,Stereo,2023,Jan,97.61,93.43,87.71,81.66,66.39,57.39,89.03,78.59,69.34,-,-,-,-,0.4,FALSE,1 core @ 2.5 Ghz (Python),https://arxiv.org/pdf/2301.01615
TS3D,Camera,Stereo,2023,Apr,-,-,-,64.61,41.29,30.68,-,-,-,-,-,-,-,-,FALSE,-,https://arxiv.org/pdf/2304.11906v3
PS-SVDM,Camera,Stereo,2023,Jul,94.49,87.55,78.21,29.22,18.13,15.35,38.18,24.82,20.89,,,,,1,FALSE,1 core @ 2.5 Ghz (Python),https://arxiv.org/pdf/2307.02270
3DVP,Camera,Monocular,2015,Oct,84.95,76.98,65.78,-,-,-,-,-,-,-,-,-,-,40,TRUE,8 cores @ 3.5 Ghz (Matlab + C/C++),https://ieeexplore.ieee.org/document/7298800
SubCNN,Camera,Monocular,2016,Apr,94.26,89.98,79.78,-,-,-,-,-,-,-,-,-,-,2,TRUE,GPU @ 3.5 Ghz (Python + C/C++),https://arxiv.org/abs/1604.04693
Mono3D,Camera,Monocular,2016,Jun,80.3,67.29,62.23,-,-,-,-,-,-,-,-,-,-,4.2,TRUE,GPU @ 2.5 Ghz (Matlab + C/C++),https://openaccess.thecvf.com/content_cvpr_2016/html/Chen_Monocular_3D_Object_CVPR_2016_paper.html
Deep3DBox,Camera,Monocular,2016,Dec,94.71,90.19,76.82,-,-,-,-,-,-,-,-,-,-,1.5,TRUE,GPU @ 2.5 Ghz (C/C++),https://arxiv.org/abs/1612.00496
Deep MANTA,Camera,Monocular,2017,Mar,98.89,93.5,83.21,-,-,-,-,-,-,-,-,-,-,0.7,FALSE,GPU @ 2.5 Ghz (Python + C/C++),https://arxiv.org/abs/1703.07570
3D-RCNN,Camera,Monocular,2018,Jun,90.02,89.39,80.29,-,-,-,-,-,-,-,-,-,-,-,TRUE,-,https://openaccess.thecvf.com/content_cvpr_2018/papers/Kundu_3D-RCNN_Instance-Level_3D_CVPR_2018_paper.pdf
MF3D,Camera,Monocular,2018,Jun,90.43,87.33,76.78,7.08,5.18,4.68,13.73,9.62,8.22,-,-,-,-,-,TRUE,-,https://openaccess.thecvf.com/content_cvpr_2018/papers/Xu_Multi-Level_Fusion_Based_CVPR_2018_paper.pdf
OFT-Net,Camera,Monocular,2018,Nov,-,-,-,2.5,3.28,2.27,9.5,7.99,7.51,-,-,-,-,-,TRUE,-,https://arxiv.org/abs/1811.08188
MonoGRNet,Camera,Monocular,2018,Nov,88.65,77.94,63.31,9.61,5.74,4.25,18.19,11.17,8.73,-,-,-,-,0.04,TRUE,NVIDIA P40,https://arxiv.org/abs/1811.10247
ROI-10D,Camera,Monocular,2018,Dec,76.56,70.16,61.15,4.32,2.02,1.46,9.78,4.91,3.74,-,-,-,-,0.2,FALSE,GPU @ 3.5 Ghz (Python),https://arxiv.org/abs/1812.02781
Mono3D++,Camera,Monocular,2019,Jan,-,-,-,-,-,-,-,-,-,-,-,-,-,-,FALSE,-,https://arxiv.org/abs/1901.03446
AM3D ,Camera,Monocular,2019,Mar,92.55,88.71,77.88,16.5,10.74,9.52,27.91,22.24,18.62,-,-,-,-,0.4,FALSE,GPU @ 2.5 Ghz (Python + C/C++),https://arxiv.org/abs/1903.11444
GS3D,Camera,Monocular,2019,Mar,86.23,76.35,62.67,4.47,2.9,2.47,8.41,6.08,4.94,-,-,-,-,2,FALSE,1 core @ 2.5 Ghz (C/C++),https://arxiv.org/abs/1903.10955
Mono3D-PLiDAR,Camera,Monocular,2019,Mar,80.85,53.36,44.8,10.76,7.5,6.1,21.27,13.92,11.25,-,-,-,-,0.1,FALSE,NVIDIA GeForce 1080 (pytorch),https://arxiv.org/abs/1903.09847
Deep Optics,Camera,Monocular,2019,Apr,-,-,-,16.86,13.82,13.26,26.71,19.87,19.11,-,-,-,-,-,FALSE,-,https://arxiv.org/abs/1904.08601
CenterNet,Camera,Monocular,2019,Apr,-,-,-,-,-,-,-,-,-,33.8,40,-,-,-,TRUE,-,https://arxiv.org/pdf/1904.07850
FQNet,Camera,Monocular,2019,Apr,94.72,90.17,76.78,2.77,1.51,1.01,5.4,3.23,2.46,-,-,-,-,0.5,FALSE,1 core @ 2.5 Ghz (Python),https://arxiv.org/abs/1904.12681
Shift R-CNN,Camera,Monocular,2019,May,94.07,88.48,78.34,6.88,3.87,2.83,11.84,6.82,5.27,-,-,-,-,0.25,FALSE,GPU @ 1.5 Ghz (Python),https://arxiv.org/abs/1905.09970
MonoDIS,Camera,Monocular,2019,May,90.31,87.58,76.85,10.37,7.94,6.4,18.8,19.08,17.41,30.4,38.4,-,-,-,TRUE,-,https://arxiv.org/abs/1905.12365
M3D-RPN,Camera,Monocular,2019,Jul,89.04,85.08,69.26,14.76,9.71,7.42,21.02,13.67,10.23,-,-,-,-,0.16,TRUE,GPU @ 1.5 Ghz (Python),https://arxiv.org/abs/1907.06038
ForeSeE,Camera,Monocular,2019,Sep,-,-,-,-,-,-,-,-,-,-,-,-,-,-,TRUE,-,https://arxiv.org/abs/1909.07701
MonoPSR,Camera,Monocular,2019,Sep,93.63,88.5,73.36,10.76,7.25,5.85,18.33,12.58,9.91,-,-,-,-,0.2,TRUE,GPU @ 3.5 Ghz (Python),https://arxiv.org/abs/1904.01690
RefinedMPL,Camera,Monocular,2019,Nov,88.29,65.24,53.2,18.09,11.14,8.94,28.08,17.6,13.95,-,-,-,-,0.15,FALSE,GPU @ 2.5 Ghz (Python + C/C++),https://arxiv.org/pdf/1911.09712
MonoFENet,Camera,Monocular,2019,Nov,91.68,86.63,76.71,8.35,5.14,4.1,17.03,11.03,9.05,-,-,-,-,0.15,FALSE,1 core @ 3.5 Ghz (Python),https://ieeexplore.ieee.org/document/8897727
SDFLabel,Camera,Monocular,2019,Nov,-,-,-,-,-,-,-,-,-,-,-,-,-,-,TRUE,-,https://arxiv.org/abs/1911.11288
D4LCN,Camera,Monocular,2019,Dec,90.34,83.67,65.33,16.65,11.72,9.51,22.51,16.02,12.55,-,-,-,-,0.2,TRUE,GPU @ 2.5 Ghz (Python + C/C++),https://arxiv.org/abs/1912.04799
MoVi-3D,Camera,Monocular,2019,Dec,-,-,-,15.19,10.9,9.26,22.76,17.03,14.85,-,-,-,-,-,FALSE,-,https://arxiv.org/abs/1912.08035
RTM3D,Camera,Monocular,2020,Jan,91.82,86.93,77.41,14.41,10.34,8.77,19.17,14.2,11.99,-,-,-,-,0.05,TRUE,GPU @ 1.0 Ghz (Python),https://arxiv.org/abs/2001.03343
SMOKE,Camera,Monocular,2020,Feb,93.21,87.51,77.66,14.03,9.76,7.84,20.83,14.49,12.75,-,-,-,-,0.03,TRUE,GPU @ 2.5 Ghz (Python),https://arxiv.org/abs/2002.10111
MonoPair,Camera,Monocular,2020,Mar,96.61,93.55,83.55,13.04,9.99,8.65,19.28,14.83,12.89,-,-,-,-,0.06,FALSE,GPU @ 2.5 Ghz (Python + C/C++),https://arxiv.org/abs/2003.00504
IAFA,Camera,Monocular,2020,Mar,93.08,89.46,79.83,17.81,12.01,10.61,25.88,17.88,15.35,-,-,-,-,0.04,FALSE,1 core @ 2.5 Ghz (C/C++),https://arxiv.org/pdf/2103.03480
SS3D,Camera,Monocular,2020,Apr,92.72,84.92,70.35,10.78,7.68,6.51,16.33,11.52,9.93,-,-,-,-,0.048,TRUE,Tesla V100 (Python),https://arxiv.org/abs/2004.14674
MoNet3D,Camera,Monocular,2020,Jun,-,-,-,-,-,-,-,-,-,-,-,-,-,-,TRUE,-,https://arxiv.org/abs/2006.16007
Kinematic3D,Camera,Monocular,2020,Jul,89.67,71.73,54.97,19.07,12.72,9.17,26.69,17.52,13.1,-,-,-,-,0.12,TRUE,1 core @ 1.5 Ghz (C/C++),https://arxiv.org/abs/2007.09548
OACV,Camera,Monocular,2020,Jul,-,-,-,8.13,4.77,3.78,16.24,10.13,8.28,-,-,-,-,-,FALSE,-,https://arxiv.org/abs/2007.09836
PatchNet,Camera,Monocular,2020,Aug,-,-,-,15.68,11.12,10.17,22.97,16.86,14.97,-,-,0.39,0.38,0.4,FALSE,1 core @ 2.5 Ghz (C/C++),https://arxiv.org/pdf/2008.04582
RAR-Net,Camera,Monocular,2020,Aug,-,-,-,16.37,11.01,9.52,22.45,15.02,12.93,-,-,-,-,-,FALSE,-,https://arxiv.org/abs/2008.13748
MonoDR,Camera,Monocular,2020,Sep,-,-,-,-,-,-,-,-,-,-,-,-,-,-,FALSE,-,https://arxiv.org/abs/2009.14524
KM3D,Camera,Monocular,2020,Sep,96.44,91.07,81.19,16.73,11.45,9.92,23.44,16.2,14.47,-,-,-,-,0.03,TRUE,1 core @ 2.5 Ghz (Python),https://arxiv.org/abs/2009.00764
UR3D,Camera,Monocular,2020,Oct,-,-,-,15.58,8.61,6,21.85,12.51,9.2,-,-,-,-,-,FALSE,-,https://www.ecva.net/papers/eccv_2020/papers_ECCV/papers/123740086.pdf
3D-GCk,Camera,Monocular,2020,Oct,89.55,80.19,68.08,3.27,2.52,2.11,5.79,4.57,3.64,-,-,-,-,24ms,FALSE,Tesla V100,https://ieeexplore.ieee.org/abstract/document/9304847
DA-3Ddet,Camera,Monocular,2020,Nov,-,-,-,16.8,11.5,8.9,33.4,24,19.9,-,-,-,-,-,TRUE,-,https://www.ecva.net/papers/eccv_2020/papers_ECCV/papers/123540018.pdf
EgoNet,Camera,Monocular,2020,Nov,-,-,-,-,-,-,-,-,-,-,-,-,-,-,TRUE,-,https://openaccess.thecvf.com/content/CVPR2021/papers/Li_Exploring_intermediate_representation_for_monocular_vehicle_pose_estimation_CVPR_2021_paper.pdf
Decoupled-3D,Camera,Monocular,2020,Fev,87.78,67.72,54.53,11.08,7.02,5.63,23.16,14.82,11.25,-,-,-,-,0.08,FALSE,GPU @ 2.5 Ghz (C/C++),https://arxiv.org/abs/2002.01619
GroundAware,Camera,Monocular,2021,Feb,92.33,82.05,62.08,21.65,13.25,9.91,29.81,17.98,13.08,-,-,-,-,0.05,TRUE,1 core @ 2.5 Ghz (C/C++),https://arxiv.org/abs/2102.00690
Gated3D,Camera,Monocular,2021,Feb,-,-,-,-,-,-,-,-,-,-,-,-,-,-,FALSE,-,https://arxiv.org/abs/2102.03602
DDMP-3D,Camera,Monocular,2021,Mar,91.15,81.7,63.12,19.71,12.78,9.8,28.08,17.89,13.44,-,-,-,-,0.18,TRUE,1 core @ 2.5 Ghz (Python),https://arxiv.org/abs/2103.16470
MonoRUn,Camera,Monocular,2021,Mar,95.48,87.91,78.1,19.65,12.3,10.58,27.94,17.34,15.24,-,-,-,-,0.07,TRUE,GPU @ 2.5 Ghz (Python + C/C++),https://arxiv.org/abs/2103.12605
GrooMeD-NMS,Camera,Monocular,2021,Mar,90.14,80.28,63.78,18.1,12.32,9.65,26.19,18.27,14.05,-,-,-,-,0.12,TRUE,1 core @ 2.5 Ghz (Python),https://arxiv.org/abs/2103.17202
MonoDLE,Camera,Monocular,2021,Mar,93.83,90.81,80.93,17.23,12.26,10.29,24.79,18.89,16,-,-,-,-,0.04,TRUE,GPU @ 2.5 Ghz (Python),https://arxiv.org/abs/2103.16237
M3DSSD,Camera,Monocular,2021,Mar,-,-,-,17.51,11.46,8.98,24.15,15.93,12.11,-,-,-,-,-,TRUE,-,https://arxiv.org/abs/2103.13164
CaDDN,Camera,Monocular,2021,Mar,93.61,80.73,71.09,19.17,13.41,11.46,27.94,18.91,17.19,-,-,-,-,0.63,TRUE,GPU @ 2.5 Ghz (Python),https://arxiv.org/abs/2103.01100
MonoFlex,Camera,Monocular,2021,Apr,96.01,91.02,83.38,19.94,13.89,12.07,28.23,19.75,16.89,-,-,-,-,0.03,TRUE,GPU @ 2.5 Ghz (Python),https://arxiv.org/abs/2104.02323
MonoRCNN,Camera,Monocular,2021,Apr,91.9,86.48,66.71,18.36,12.65,10.03,25.48,18.11,14.1,-,-,-,-,0.07,TRUE,GPU @ 2.5 Ghz (Python),https://arxiv.org/abs/2104.03775
FCOS3D,Camera,Monocular,2021,Apr,-,-,-,-,-,-,-,-,-,35.8,42.8,-,-,-,TRUE,-,https://arxiv.org/abs/2104.10956
MonoEF,Camera,Monocular,2021,Jun,96.32,90.88,83.27,21.29,13.87,11.71,29.03,19.7,17.26,-,-,-,-,0.03,TRUE,1 core @ 2.5 Ghz (Python),https://arxiv.org/abs/2106.15796
GUPNet,Camera,Monocular,2021,Jul,94.15,86.45,74.18,22.26,15.02,13.12,30.29,21.19,18.2,-,-,-,-,NA,TRUE,1 core @ 2.5 Ghz (Python + C/C++),https://arxiv.org/abs/2107.13774
PGD,Camera,Monocular,2021,Jul,92.04,80.58,69.67,19.05,11.76,9.39,26.89,16.51,13.49,38.6,44.8,-,-,0.03,TRUE,1 core @ 2.5 Ghz (C/C++),https://arxiv.org/abs/2107.14160
MonoGeo,Camera,Monocular,2021,Jul,-,-,-,18.85,13.81,11.52,25.86,18.99,16.19,-,-,-,-,-,FALSE,-,https://www.researchgate.net/publication/353567872_Learning_Geometry-Guided_Depth_via_Projective_Modeling_for_Monocular_3D_Object_Detection
Aug3D-RPN,Camera,Monocular,2021,Jul,85.57,77.88,61.16,17.82,12.99,9.78,26,17.89,14.18,-,-,-,-,0.08,FALSE,1 core @ 2.5 Ghz (C/C++),https://arxiv.org/abs/2107.13269
DD3D,Camera,Monocular,2021,Aug,94.69,93.99,89.37,23.19,16.87,14.36,32.35,23.41,20.42,41.8,47.7,-,-,n/a,TRUE,1 core @ 2.5 Ghz (C/C++),https://arxiv.org/abs/2108.06417
PCT,Camera,Monocular,2021,Aug,96.45,88.78,78.85,21,13.37,11.31,29.65,19.03,15.92,-,-,0.89,0.66,0.045,TRUE,1 core @ 2.5 Ghz (Python),https://arxiv.org/pdf/2108.05793
Autoshape,Camera,Monocular,2021,Aug,86.51,77.6,64.4,22.47,14.17,11.36,30.66,20.08,15.95,-,-,-,-,0.04,TRUE,1 core @ 2.5 Ghz (C/C++),https://arxiv.org/abs/2108.11127
PG-MonoNEt,Camera,Monocular,2021,Aug,-,-,-,15.91,11.51,9.01,-,-,-,-,-,-,-,-,FALSE,-,https://ieeexplore.ieee.org/stamp/stamp.jsp?tp=&arnumber=9525165
Neighbour-Vote,Camera,Monocular,2021,Oct,0,0,0,15.57,9.9,8.89,27.39,18.65,16.54,-,-,-,-,0.1,TRUE,GPU @ 2.5 Ghz (Python),https://dl.acm.org/doi/10.1145/3474085.3475641
MonoCinIS,Camera,Monocular,2021,Oct,96.05,90.6,82.43,15.82,7.94,6.68,22.28,11.64,9.95,-,-,-,-,0.13,FALSE,GPU @ 2.5 Ghz (C/C++),https://arxiv.org/abs/2110.00464
Pseudo-Analysis / Patch-Net,Camera,Monocular,2021,Oct,-,-,-,22.4,12.53,10.64,-,-,-,-,-,-,-,-,FALSE,-,https://openaccess.thecvf.com/content/ICCV2021/papers/Simonelli_Are_We_Missing_Confidence_in_Pseudo-LiDAR_Methods_for_Monocular_3D_ICCV_2021_paper.pdf
DLE,Camera,Monocular,2021,Nov,94.66,84.45,62.1,24.23,14.33,10.3,31.09,19.05,14.13,-,-,-,-,0.06,FALSE,NVIDIA Tesla V100,https://www.bmvc2021-virtualconference.com/assets/papers/0299.pdf
DFRNet,Camera,Monocular,2021,Dec,90.13,78.81,60.4,19.4,13.63,10.35,28.17,19.17,14.84,-,-,-,-,0.18,FALSE,1080 Ti (Pytorch),https://arxiv.org/abs/2112.14023
MonoCon,Camera,Monocular,2021,Dec,-,-,-,22.5,16.46,13.95,31.12,22.1,19,-,-,-,-,-,TRUE,-,https://arxiv.org/pdf/2112.04628
SGM3D * stereo,Camera,Monocular,2021,Dec,93.66,83.05,73.35,22.46,14.65,12.97,31.49,21.37,18.43,-,-,-,-,0.03,TRUE,1 core @ 2.5 Ghz (C/C++),https://arxiv.org/pdf/2112.01914
MonoDistill,Camera,Monocular,2022,Jan,-,-,-,22.97,16.03,13.6,31.87,22.59,19.72,-,-,-,-,-,TRUE,-,https://arxiv.org/pdf/2201.10830
MonoDTR,Camera,Monocular,2022,Mar,93.9,88.41,76.2,21.99,15.39,12.73,28.59,20.38,17.14,-,-,-,-,0.04,TRUE,1 core @ 2.5 Ghz (C/C++),https://arxiv.org/abs/2203.10981
MonoDETR,Camera,Monocular,2022,Mar,93.99,86.17,76.19,24.52,16.26,13.93,32.2,21.45,18.68,-,-,-,-,0.04,TRUE,1 core @ 2.5 Ghz (Python),https://arxiv.org/abs/2203.13310
MonoJSG,Camera,Monocular,2022,Mar,-,-,-,24.69,16.14,13.64,32.59,21.26,18.18,-,-,-,-,-,TRUE,-,https://arxiv.org/abs/2203.08563
Rope3D (Dataset),Camera,Monocular,2022,Mar,-,-,-,-,-,-,-,-,-,-,-,-,-,-,TRUE,-,https://arxiv.org/abs/2203.13608
WeakM3D,Camera,Monocular,2022,Mar,94.51,91.81,85.35,5.03,2.26,1.63,11.82,5.66,4.08,-,-,-,-,0.08,FALSE,1 core @ 2.5 Ghz (C/C++),https://arxiv.org/abs/2203.08332
HomoLoss,Camera,Monocular,2022,Apr,95.92,90.69,80.91,21.75,14.94,13.07,29.6,20.68,17.81,-,-,-,-,0.04,FALSE,1 core @ 2.5 Ghz (Python),https://arxiv.org/abs/2204.00754
STMono3D,Camera,Monocular,2022,Apr,-,-,-,-,-,-,-,-,-,-,-,-,-,-,FALSE,-,https://arxiv.org/pdf/2204.11590
MonoDDE,Camera,Monocular,2022,May,96.76,89.19,81.6,24.93,17.14,15.1,33.58,23.46,20.37,-,-,-,-,0.04,FALSE,1 core @ 2.5 Ghz (Python),https://arxiv.org/abs/2205.09373
Time3D,Camera,Monocular,2022,May,-,-,-,-,-,-,-,-,-,-,-,-,-,-,FALSE,-,https://arxiv.org/pdf/2205.14882
MonoGround,Camera,Monocular,2022,Jun,-,-,-,21.37,14.36,12.62,30.07,20.47,17.74,-,-,-,-,-,TRUE,-,https://arxiv.org/abs/2206.07372
DimEmbedding,Camera,Monocular,2022,Jun,-,-,-,23.62,16.1,13.41,32.82,21.98,18.7,-,-,-,-,-,FALSE,-,https://openaccess.thecvf.com//content/CVPR2022/papers/Zhang_Dimension_Embeddings_for_Monocular_3D_Object_Detection_CVPR_2022_paper.pdf
Mix-Teaching,Camera,Monocular,2022,Jul,96.35,91.02,83.41,26.89,18.54,15.79,35.74,24.23,20.8,-,-,-,-,30,TRUE,1 core @ 2.5 Ghz (C/C++),https://arxiv.org/abs/2207.04448
DCD,Camera,Monocular,2022,Jul,96.44,90.93,83.36,23.81,15.9,13.21,32.55,21.5,18.25,-,-,-,-,0.03,TRUE,1 core @ 2.5 Ghz (C/C++),https://arxiv.org/abs/2207.10047
DEVIANT,Camera,Monocular,2022,Jul,94.42,86.64,76.69,21.88,14.46,11.89,29.65,20.44,17.43,-,-,-,-,0.04,TRUE,1 GPU (Python),https://arxiv.org/abs/2207.10758
Cube R-CNN,Camera,Monocular,2022,Jul,95.78,92.72,84.81,23.59,15.01,12.06,31.7,21.2,18.43,-,-,-,-,0.05,TRUE,GPU @ 2.5 Ghz (Python),https://openaccess.thecvf.com/content/CVPR2023/html/Brazil_Omni3D_A_Large_Benchmark_and_Model_for_3D_Object_Detection_CVPR_2023_paper.html
SMPL,Camera,Monocular,2022,Sep,-,-,-,-,-,-,37.42,31.05,29.13,-,-,-,-,-,FALSE,-,https://arxiv.org/abs/2209.09486
MoGDE,Camera,Monocular,2022,Oct,-,-,-,27.07,17.88,15.66,38.38,25.6,22.91,-,-,-,-,-,FALSE,-,https://arxiv.org/abs/2303.13561
DD3Dv2,Camera,Monocular,2022,Oct,-,-,-,26.36,17.61,15.32,35.7,24.67,21.73,-,-,-,-,-,TRUE,-,https://arxiv.org/pdf/2210.02493
ADD,Camera,Monocular,2022,Nov,94.82,89.53,81.6,25.61,16.81,13.79,35.2,23.58,20.08,-,-,-,-,0.1,FALSE,1 core @ 2.5 Ghz (Python),https://arxiv.org/abs/2211.16779
CMKD,Camera,Monocular,2022,Nov,95.14,90.28,83.91,28.55,18.69,16.77,38.98,25.82,22.8,-,-,-,-,0.1,TRUE,1 core @ 2.5 Ghz (C/C++),https://arxiv.org/abs/2211.07171
OPA-3D,Camera,Monocular,2022,Nov,96.5,88.77,76.55,24.6,17.6,14.25,33.54,22.53,19.22,-,-,-,-,0.04,FALSE,1 core @ 3.5 Ghz (Python),https://arxiv.org/abs/2211.01142
GPENet,Camera,Monocular,2022,Nov,-,-,-,22.41,15.44,12.84,30.31,20.79,18.21,-,-,-,-,-,FALSE,-,https://arxiv.org/abs/2211.01556
MonoEdge,Camera,Monocular,2023,Jan,-,-,-,21.08,14.47,12.73,28.8,20.35,17.57,-,-,-,-,-,FALSE,-,https://arxiv.org/abs/2301.01802
Mono RCNN++,Camera,Monocular,2023,Jan,94.31,86.69,71.87,20.08,13.72,11.34,27.2,18.62,15.69,-,-,-,-,0.07,FALSE,GPU @ 2.5 Ghz (Python),https://openaccess.thecvf.com/content/WACV2023/html/Shi_Multivariate_Probabilistic_Monocular_3D_Object_Detection_WACV_2023_paper.html
MonoPGC,Camera,Monocular,2023,Feb,-,-,-,24.68,17.17,14.14,32.5,23.14,20.3,-,-,-,-,-,FALSE,-,https://arxiv.org/abs/2302.10549
MonoATT,Camera,Monocular,2023,Mar,-,-,-,24.72,17.37,15,36.87,24.42,21.88,-,-,-,-,-,FALSE,-,https://arxiv.org/abs/2303.13018
MonoXiver,Camera,Monocular,2023,Apr,-,-,-,25.24,19.04,16.39,34.14,25.37,22.2,-,-,-,-,-,TRUE,-,https://arxiv.org/abs/2304.01289
NeurOCS,Camera,Monocular,2023,May,96.39,91.08,81.2,29.89,18.94,15.9,37.27,24.49,20.89,-,-,-,-,0.1,FALSE,GPU @ 2.5 Ghz (Python),https://arxiv.org/abs/2305.17763
SSD-MonoDETR,Camera,Monocular,2023,May,-,-,-,24.52,17.88,15.69,33.59,24.35,21.98,-,-,-,-,-,TRUE,-,https://arxiv.org/abs/2305.07270
MonoNerd,Camera,Monocular,2023,Aug,94.6,86.89,77.23,22.75,17.13,15.63,31.13,23.46,20.97,-,-,-,-,na,TRUE,1 core @ 2.5 Ghz (Python),https://arxiv.org/abs/2308.09421
MonoSKD,Camera,Monocular,2023,Oct,96.68,91.34,83.69,28.43,17.35,15.01,37.12,24.08,20.37,-,-,-,-,0.04,TRUE,1 core @ 2.5 Ghz (Python),https://arxiv.org/abs/2310.11316
CoIn,Camera,Monocular,2023,Oct,-,-,-,-,-,-,-,-,-,-,-,-,-,-,TRUE,-,https://openaccess.thecvf.com/content/ICCV2023/papers/Xia_CoIn_Contrastive_Instance_Feature_Mining_for_Outdoor_3D_Object_Detection_ICCV_2023_paper.pdf
ODM3D,Camera,Monocular,2023,Nov,-,-,-,29.75,19.09,16.93,39.41,26.02,22.76,-,-,-,-,-,TRUE,-,https://arxiv.org/pdf/2310.18620
MonoUNI,Camera,Monocular,2023,Nov,94.3,88.96,78.95,24.75,16.73,13.49,33.28,23.05,19.39,-,-,-,-,0.04,FALSE,1 core @ 2.5 Ghz (Python),https://openreview.net/pdf?id=v2oGdhbKxi
DDML,Camera,Monocular,2023,Nov,-,-,-,27.04,16.42,13.37,-,-,-,-,-,-,-,-,TRUE,-,https://proceedings.neurips.cc/paper_files/paper/2023/file/fda257e65f46e21dbc117b20fd0aba3c-Paper-Conference.pdf
MonoCD,Camera,Monocular,2024,Apr,96.43,92.91,85.55,25.53,16.59,14.53,33.41,22.81,19.57,-,-,-,-,n/a,TRUE,1 core @ 2.5 Ghz (Python),https://arxiv.org/abs/2404.03181
MonoMAE,Camera,Monocular,2024,May,-,-,-,25.6,18.84,16.78,34.15,24.93,21.76,-,-,-,-,-,FALSE,-,https://arxiv.org/pdf/2405.07696
Dp-M3D,Camera,Monocular,2025,Apr,-,-,-,23.41,13.65,12.91,32.38,20.13,16.58,-,-,-,-,-,FALSE,-,https://pdf.sciencedirectassets.com/271505/AIP/1-s2.0-S0950705125005854/main.pdf?X-Amz-Security-Token=IQoJb3JpZ2luX2VjEIj%2F%2F%2F%2F%2F%2F%2F%2F%2F%2FwEaCXVzLWVhc3QtMSJHMEUCIQDeLgsboeJGs1rj3TmdKuPfbZHnfyyG0DgqAeHMIhCK1AIgDUHXTlYHNUWqFqpdrh6LbvPpXptqzUkv4qu0lFfFsUgqsgUIERAFGgwwNTkwMDM1NDY4NjUiDGZQMC69RNuwVEoU%2FSqPBTOTY4gGGMY2K86q0xmcpP3AO4idU0qHZEGM6fky6r%2FdPCCT8Q32YNK%2Bai8I7VxosDSnfCSkvRCk0329%2B4uOxiGnDOzCkppMRupXT%2Fh8Jy50Mu4KB4Is9N7FeyKMz1XjSJTjyaAm22uvEu374Wo%2B2eiUipiesAJsMJGpUibQnez3ra6cPLYtJqYsKQohtLSS87SivrT%2Fax4v0Z8QGPOSdW379aDwrP6W4OF9W5IsLyjnt1pjgTJlvySQsPkWOj0hlI1fWIcRzVTEbMigIXMox%2FTbhsKRIdNsK0eIUqW4PuyBYguYR%2FBJkxCLqPnd%2FG9K7brO%2Bm0RiMa%2BhDh6%2F8A%2FgtKaNa9F0UDBOElGnJDPFHuvtPYetAYhWH89ziTT3DGFPDq0Gt2M%2FxQsv8rqXpPilGVV6WY3%2FghIMhkdkdoWYiHdofMyIFGwgOFQHYj1ZX3ldph8gjWCdht9I%2FdyvhR7YLNZWR73L8%2BiHzJB5nLMN2wf8NQNHJvBmZlJreSe55pNNO2Iv6rV25jQuuef2y1V7NJRrIJsodKZPZb4qCGew%2FaslO2bbqH09q9x2vlSHNFs2e1caHDGYEty8fXoFgJ7MsR1cQcXaRagNFctyTuI5plBdKzFluzapCQ%2FqaSxriCo3iIhhDThDb5cr7VcbS8I%2Bw0EGXHgZROpgNJZFP3KTcIOAF2Zx0DE8gm%2BlQVvZVtr0SZokLGy1PpkbVl4QzktyVByw7D0BgAGIA29EG7P%2B24wiZBv7pO5svs2p1teyvdhN2HK6isJyV1qtR48D2qpz1eQG%2F4usmjSihnxrFefBFGzZSC7YGft5iQwYTcTyvNAX%2FA3qUgMP4jy1J5WaxEUew7PmmSt5xaHbLy%2FzeuKx38wsv%2FyvwY6sQFPMv2hKPR4Zk2KWQUQqyqFtfG%2B3Wp%2BiludHtD4Qzi1hs4XhIyNJENivNKvSvBCraA00U9KlwUkbpYw6NicT3aZZLtsMUpbfz1x%2BGSwBetx%2B0J%2FtsWN6K8Y52RqLbT9%2BzLQ6eK6lifgJUI16taMo84OU3CySmEave7OSkYXqFy9ElcJMJMnfmxqif1sgiGVLT1D93zkC492K%2BcyL%2BDkrz3Wb8HdCF9i0m9KxQAdsRw2seQ%3D&X-Amz-Algorithm=AWS4-HMAC-SHA256&X-Amz-Date=20250414T091149Z&X-Amz-SignedHeaders=host&X-Amz-Expires=300&X-Amz-Credential=ASIAQ3PHCVTYVIRV4PHA%2F20250414%2Fus-east-1%2Fs3%2Faws4_request&X-Amz-Signature=e3d5ffed60bbf60bb44f66c2ab76a314760066b6dc5833b4495dff2dc82d2290&hash=066e73a88e0ccfe8a5e2f0e7efad52603f96f88d9242a4ecbd5e3e7921ed2eff&host=68042c943591013ac2b2430a89b270f6af2c76d8dfd086a07176afe7c76c2c61&pii=S0950705125005854&tid=spdf-7cea839c-427c-4f37-b487-65add56cf0a7&sid=10875d013bab3146756a6931132a624e4847gxrqb&type=client&tsoh=d3d3LnNjaWVuY2VkaXJlY3QuY29t&rh=d3d3LnNjaWVuY2VkaXJlY3QuY29t&ua=0a12595751515651055f55&rr=930213f82ce931f1&cc=pt
MonoTTA,Camera,Monocular,2024,May,-,-,-,-,-,-,-,-,-,-,-,-,-,-,TRUE,-,https://arxiv.org/pdf/2405.19682v1
MonoDiff,Camera,Monocular,2024,Jun,-,-,-,30.18,21.02,18.16,-,-,-,-,-,-,-,-,FALSE,-,https://openaccess.thecvf.com/content/CVPR2024/papers/Ranasinghe_MonoDiff_Monocular_3D_Object_Detection_and_Pose_Estimation_with_Diffusion_CVPR_2024_paper.pdf
MonoWAD,Camera,Monocular,2024,Jul,-,-,-,-,-,-,-,-,-,-,-,-,-,-,TRUE,-,https://arxiv.org/pdf/2407.16448
MonoDFNet,Camera,Monocular,2024,Nov,-,-,-,25.71,19.07,15.96,33.56,24.52,21.09,-,-,-,-,-,TRUE,-,https://www.mdpi.com/1424-8220/25/3/760
DPL,Camera,Monocular,2024,Nov,-,-,-,24.19,16.67,13.83,33.16,22.12,18.74,-,-,-,-,-,FALSE,-,https://arxiv.org/pdf/2403.17387
OVM3D,Camera,Monocular,2024,Nov,-,-,-,-,-,-,-,-,-,-,-,-,-,-,TRUE,-,https://arxiv.org/pdf/2411.15657
MonoDSSM,Camera,Monocular,2024,Dec,93.96,88.31,76.15,21.47,14.55,11.78,28.29,19.59,16.34,-,-,-,-,0.02,FALSE,1 core @ 2.5 Ghz (Python + C/C++),https://openaccess.thecvf.com/content/ACCV2024/papers/Vu_MonoDSSMs_Efficient_Monocular_3D_Object_Detection_with_Depth-Aware_State_Space_ACCV_2024_paper.pdf
MonoDINO-DETR,Camera,Monocular,2025,Feb,-,-,-,-,-,-,-,-,-,-,-,-,-,-,TRUE,-,https://arxiv.org/abs/2502.00315
Pseudo-LiDAR2D,Camera,Monocular,2025,Fev,-,-,-,-,-,-,-,-,-,-,-,-,-,-,FALSE,-,https://ieeexplore.ieee.org/stamp/stamp.jsp?tp=&arnumber=10918939&tag=1
